action_type,activity_comment,activity_id,activity_properties,assay_chembl_id,assay_description,assay_type,assay_variant_accession,assay_variant_mutation,bao_endpoint,bao_format,bao_label,canonical_smiles,data_validity_comment,data_validity_description,document_chembl_id,document_journal,document_year,ligand_efficiency,molecule_chembl_id,molecule_pref_name,parent_molecule_chembl_id,pchembl_value,potential_duplicate,qudt_units,record_id,relation,src_id,standard_flag,standard_relation,standard_text_value,standard_type,standard_units,standard_upper_value,standard_value,target_chembl_id,target_organism,target_pref_name,target_tax_id,text_value,toid,type,units,uo_units,upper_value,value
,,42173,[],CHEMBL702885,Binding constant against human serum albumin (HSA),B,,,BAO_0000179,BAO_0000357,single protein format,CC(=O)Oc1ccccc1C(=O)O,,,CHEMBL1134302,J Med Chem,2001,,CHEMBL25,ASPIRIN,CHEMBL25,,0,,264421,=,1,0,=,,Log K',,,1.39,CHEMBL3253,Homo sapiens,Serum albumin,9606,,,Log K',,,,1.39
,,81965,[],CHEMBL771355,Antiedema efficacy was measured in male Sprague-Dawley rats relative to aspirin; activity expressed as percent of aspirin,F,,,BAO_0001103,BAO_0000218,organism-based format,CC(=O)Oc1ccccc1C(=O)O,,,CHEMBL1121620,J Med Chem,1980,,CHEMBL25,ASPIRIN,CHEMBL25,,0,http://qudt.org/vocab/unit#Percent,329936,=,1,0,=,,Activity,%,,100.0,CHEMBL376,Rattus norvegicus,Rattus norvegicus,10116,,,Activity,%,UO_0000187,,100.0
,,81966,[],CHEMBL780106,Effective dose of compound to produce 25% inhibition in rat; Value ranges from 326-499,F,,,BAO_0000179,BAO_0000218,organism-based format,CC(=O)Oc1ccccc1C(=O)O,,,CHEMBL1121620,J Med Chem,1980,,CHEMBL25,ASPIRIN,CHEMBL25,,0,,329936,=,1,0,=,,ED25,uM kg-1,,402.0,CHEMBL376,Rattus norvegicus,Rattus norvegicus,10116,,,ED25,uM kg-1,,,402.0
,,88326,[],CHEMBL762032,Inhibitory concentration required against Arachidonic acid (100 uM) induced platelet aggregatory activity,F,,,BAO_0000190,BAO_0000019,assay format,CC(=O)Oc1ccccc1C(=O)O,,,CHEMBL1146621,Bioorg Med Chem Lett,2003,,CHEMBL25,ASPIRIN,CHEMBL25,4.46,0,http://www.openphacts.org/units/Nanomolar,174376,=,1,1,=,,IC50,nM,,34600.0,CHEMBL612545,,Unchecked,,,,IC50,uM,UO_0000065,,34.6
,,88327,[],CHEMBL762033,In vitro inhibition of Collagen (10 ug/mL) induced platelet aggregatory activity.,F,,,BAO_0000190,BAO_0000019,assay format,CC(=O)Oc1ccccc1C(=O)O,,,CHEMBL1146621,Bioorg Med Chem Lett,2003,,CHEMBL25,ASPIRIN,CHEMBL25,4.46,0,http://www.openphacts.org/units/Nanomolar,174376,=,1,1,=,,IC50,nM,,34900.0,CHEMBL612545,,Unchecked,,,,IC50,uM,UO_0000065,,34.9
,,88328,[],CHEMBL765149,Percentage inhibition against thrombin induced platelet aggregatory activity,F,,,BAO_0000201,BAO_0000019,assay format,CC(=O)Oc1ccccc1C(=O)O,,,CHEMBL1146621,Bioorg Med Chem Lett,2003,,CHEMBL25,ASPIRIN,CHEMBL25,,0,http://qudt.org/vocab/unit#Percent,174376,=,1,1,=,,Inhibition,%,,81.0,CHEMBL612545,,Unchecked,,,,Inhibition,%,UO_0000187,,81.0
,,88329,[],CHEMBL765148,Percentage inhibition against platelet activating factor (2 ng/mL) induced platelet aggregatory activity,F,,,BAO_0000201,BAO_0000019,assay format,CC(=O)Oc1ccccc1C(=O)O,,,CHEMBL1146621,Bioorg Med Chem Lett,2003,,CHEMBL25,ASPIRIN,CHEMBL25,,0,http://qudt.org/vocab/unit#Percent,174376,=,1,1,=,,Inhibition,%,,2.0,CHEMBL612545,,Unchecked,,,,Inhibition,%,UO_0000187,,2.0
,,91852,[],CHEMBL760085,Inhibitory concentration in DMSO with purified human Prostaglandin G/H synthase 2 (COX-2),B,,,BAO_0000190,BAO_0000357,single protein format,CC(=O)Oc1ccccc1C(=O)O,,,CHEMBL1131194,J Med Chem,1998,"{'bei': '23.34', 'le': '0.44', 'lle': '2.89', 'sei': '6.61'}",CHEMBL25,ASPIRIN,CHEMBL25,4.20,0,http://www.openphacts.org/units/Nanomolar,280370,=,1,1,=,,IC50,nM,,62500.0,CHEMBL230,Homo sapiens,Cyclooxygenase-2,9606,,,IC50,uM,UO_0000065,,62.5
,,91853,[],CHEMBL764258,Inhibitory concentration in DMSO with purified ovine Prostaglandin G/H synthase 1 (COX-1).,B,,,BAO_0000190,BAO_0000357,single protein format,CC(=O)Oc1ccccc1C(=O)O,,,CHEMBL1131194,J Med Chem,1998,"{'bei': '27.22', 'le': '0.52', 'lle': '3.59', 'sei': '7.71'}",CHEMBL25,ASPIRIN,CHEMBL25,4.90,0,http://www.openphacts.org/units/Nanomolar,280370,=,1,1,=,,IC50,nM,,12500.0,CHEMBL2949,Ovis aries,Cyclooxygenase-1,9940,,,IC50,uM,UO_0000065,,12.5
,,98177,[],CHEMBL767504,Evaluated for dose to inhibit Prostaglandin G/H synthase of platelets by about 90% in human,B,,,BAO_0000179,BAO_0000019,assay format,CC(=O)Oc1ccccc1C(=O)O,,,CHEMBL1121444,J Med Chem,1980,,CHEMBL25,ASPIRIN,CHEMBL25,,0,,303968,=,1,0,=,,Dose,mg,,325.0,CHEMBL2094253,Homo sapiens,Cyclooxygenase,9606,,,Dose,mg,UO_0000022,,325.0
,,98892,[],CHEMBL733962,Analgesic activity was assessed from the ability to inhibit phenylquinone-induced writhing in mouse at a dose of 70 mg/kg,F,,,BAO_0003036,BAO_0000218,organism-based format,CC(=O)Oc1ccccc1C(=O)O,,,CHEMBL1124641,J Med Chem,1989,,CHEMBL25,ASPIRIN,CHEMBL25,,0,,23967,=,1,1,=,,ED50,mg.kg-1,,70.0,CHEMBL375,Mus musculus,Mus musculus,10090,,,ED50,mg kg-1,UO_0000308,,70.0
,,110238,[],CHEMBL735173,Effective dose required for writhing response in mouse after 20 minutes on ig administration,F,,,BAO_0003036,BAO_0000218,organism-based format,CC(=O)Oc1ccccc1C(=O)O,,,CHEMBL1126943,J Med Chem,1993,,CHEMBL25,ASPIRIN,CHEMBL25,,0,,210558,=,1,1,=,,ED50,mg.kg-1,,42.3,CHEMBL375,Mus musculus,Mus musculus,10090,,,ED50,mg kg-1,UO_0000308,,42.3
,,122608,[],CHEMBL840552,In vitro inhibition of collagen-induced human platelet aggregation.,F,,,BAO_0000188,BAO_0000218,organism-based format,CC(=O)Oc1ccccc1C(=O)O,Outside typical range,"Values for this activity type are unusually large/small, so may not be accurate",CHEMBL1122226,J Med Chem,1983,,CHEMBL25,ASPIRIN,CHEMBL25,,0,http://www.openphacts.org/units/MicrogramPerMilliliter,328384,=,1,1,=,,EC50,ug.mL-1,,494.0,CHEMBL372,Homo sapiens,Homo sapiens,9606,,,EC50,mg l-1,UO_0000274,,494.0
,,122609,[],CHEMBL841426,Relative activity (compared to acetylsalicylic acid) for in vitro inhibition of collagen-induced human platelet aggregation,F,,,BAO_0000179,BAO_0000218,organism-based format,CC(=O)Oc1ccccc1C(=O)O,,,CHEMBL1122226,J Med Chem,1983,,CHEMBL25,ASPIRIN,CHEMBL25,,0,,328384,=,1,0,=,,Relative activity,,,1.0,CHEMBL372,Homo sapiens,Homo sapiens,9606,,,Relative activity,,,,1.0
,,122610,[],CHEMBL847716,Ex vivo inhibition of collagen-induced rat platelet aggregation after peroral administration,F,,,BAO_0000179,BAO_0000218,organism-based format,CC(=O)Oc1ccccc1C(=O)O,,,CHEMBL1122226,J Med Chem,1983,,CHEMBL25,ASPIRIN,CHEMBL25,,0,,328384,=,1,0,=,,ED33,mg kg-1,,233.0,CHEMBL376,Rattus norvegicus,Rattus norvegicus,10116,,,ED33,mg kg-1,UO_0000308,,233.0
,,122611,[],CHEMBL849664,Activity relative to dihydralazine for in vitro hypotensive activity in anesthetized rats,F,,,BAO_0000179,BAO_0000218,organism-based format,CC(=O)Oc1ccccc1C(=O)O,,,CHEMBL1122226,J Med Chem,1983,,CHEMBL25,ASPIRIN,CHEMBL25,,0,,328384,=,1,0,=,,Relative activity,,,1.0,CHEMBL376,Rattus norvegicus,Rattus norvegicus,10116,,,Relative activity,,,,1.0
,,122612,[],CHEMBL848423,In vitro inhibition of collagen induced aggregation of human plateles and the ratio of ED33 to EC50 was reported,F,,,BAO_0000193,BAO_0000019,assay format,CC(=O)Oc1ccccc1C(=O)O,,,CHEMBL1122226,J Med Chem,1983,,CHEMBL25,ASPIRIN,CHEMBL25,,0,,328384,=,1,0,=,,Ratio,,,0.47,CHEMBL612545,,Unchecked,,,,Ratio,,,,0.47
,,129040,[],CHEMBL724465,Analgesic activity was measured on phenylquinone writhing in mice at 50 mg/kg subcutaneous dose,F,,,BAO_0000201,BAO_0000218,organism-based format,CC(=O)Oc1ccccc1C(=O)O,,,CHEMBL1121818,J Med Chem,1981,,CHEMBL25,ASPIRIN,CHEMBL25,,0,http://qudt.org/vocab/unit#Percent,274988,=,1,1,=,,Inhibition,%,,50.0,CHEMBL375,Mus musculus,Mus musculus,10090,,,Inhibition,%,UO_0000187,,50.0
,Not Determined,129041,[],CHEMBL812595,Compound was measured as concentration of compound required for 90% growth inhibition of Trichomonas vaginalis; ND=No data,F,,,BAO_0002146,BAO_0000218,organism-based format,CC(=O)Oc1ccccc1C(=O)O,,,CHEMBL1121818,J Med Chem,1981,,CHEMBL25,ASPIRIN,CHEMBL25,,0,http://www.openphacts.org/units/MicrogramPerMilliliter,274988,,1,0,,,MIC,ug.mL-1,,,CHEMBL612884,Trichomonas vaginalis,Trichomonas vaginalis,5722,,,MIC,ug ml-1,UO_0000274,,
,,164569,[],CHEMBL782421,Antiinflammatory activity against adjuvant induced arthritis in male charles river rats,F,,,BAO_0003036,BAO_0000218,organism-based format,CC(=O)Oc1ccccc1C(=O)O,,,CHEMBL1127690,J Med Chem,1994,,CHEMBL25,ASPIRIN,CHEMBL25,,0,,349770,=,1,1,=,,ED50,mg.kg-1,,305.0,CHEMBL376,Rattus norvegicus,Rattus norvegicus,10116,,,ED50,mg kg-1,UO_0000308,,305.0
,,209449,[],CHEMBL771612,In vitro inhibitory activity against Adenosine diphosphate (ADP) induced rabbit platelet aggregation,F,,,BAO_0000190,BAO_0000019,assay format,CC(=O)Oc1ccccc1C(=O)O,Outside typical range,"Values for this activity type are unusually large/small, so may not be accurate",CHEMBL1130834,Bioorg Med Chem Lett,1998,,CHEMBL25,ASPIRIN,CHEMBL25,,0,http://www.openphacts.org/units/Nanomolar,54521,>,1,1,>,,IC50,nM,,1000000.0,CHEMBL612545,,Unchecked,,,,IC50,uM,UO_0000065,,1000.0
,,209450,[],CHEMBL771613,In vitro inhibitory activity against collagen induced rabbit platelet aggregation,F,,,BAO_0000190,BAO_0000218,organism-based format,CC(=O)Oc1ccccc1C(=O)O,Outside typical range,"Values for this activity type are unusually large/small, so may not be accurate",CHEMBL1130834,Bioorg Med Chem Lett,1998,,CHEMBL25,ASPIRIN,CHEMBL25,,0,http://www.openphacts.org/units/Nanomolar,54521,>,1,1,>,,IC50,nM,,1000000.0,CHEMBL374,Oryctolagus cuniculus,Oryctolagus cuniculus,9986,,,IC50,uM,UO_0000065,,1000.0
,,209451,[],CHEMBL738536,In vivo anti-thrombotic activity was evaluated by the inhibition of pulmonary thromboembolism model in mice at a dose of 30 mg/kg (p.o.),F,,,BAO_0000201,BAO_0000218,organism-based format,CC(=O)Oc1ccccc1C(=O)O,,,CHEMBL1130834,Bioorg Med Chem Lett,1998,,CHEMBL25,ASPIRIN,CHEMBL25,,0,http://qudt.org/vocab/unit#Percent,54521,=,1,1,=,,Inhibition,%,,33.0,CHEMBL375,Mus musculus,Mus musculus,10090,,,Inhibition,%,UO_0000187,,33.0
,,209452,[],CHEMBL787143,In vivo anti-hyperplastic activity was evaluated by the inhibition of balloon injury model in rats at a dose of 30 mg/kg (p.o.),F,,,BAO_0000201,BAO_0000218,organism-based format,CC(=O)Oc1ccccc1C(=O)O,,,CHEMBL1130834,Bioorg Med Chem Lett,1998,,CHEMBL25,ASPIRIN,CHEMBL25,,0,http://qudt.org/vocab/unit#Percent,54521,=,1,1,=,,Inhibition,%,,16.0,CHEMBL376,Rattus norvegicus,Rattus norvegicus,10116,,,Inhibition,%,UO_0000187,,16.0
,,223619,[],CHEMBL628746,Human absorption A (%),A,,,BAO_0000179,BAO_0000218,organism-based format,CC(=O)Oc1ccccc1C(=O)O,,,CHEMBL1131302,J Med Chem,1998,,CHEMBL25,ASPIRIN,CHEMBL25,,0,http://qudt.org/vocab/unit#Percent,1179,=,1,0,=,,Absorption,%,,100.0,CHEMBL372,Homo sapiens,Homo sapiens,9606,,,Absorption,%,UO_0000187,,100.0
,,223620,[],CHEMBL631372,Partition coefficient (logD7.4),P,,,BAO_0002129,BAO_0000100,small-molecule physicochemical format,CC(=O)Oc1ccccc1C(=O)O,,,CHEMBL1131302,J Med Chem,1998,,CHEMBL25,ASPIRIN,CHEMBL25,,0,,1179,=,1,1,=,,LogD,,,-2.57,CHEMBL2362975,,No relevant target,,,,logD,,,,-2.57
,,278684,[],CHEMBL789981,Relative Oral Anti inflammatory activity in the 5-h Evans Blue-Carrageenan pleural assay using indomethacin as reference compound,F,,,BAO_0000179,BAO_0000218,organism-based format,CC(=O)Oc1ccccc1C(=O)O,,,CHEMBL1122614,J Med Chem,1984,,CHEMBL25,ASPIRIN,CHEMBL25,,0,,36871,=,1,0,=,,Relative potency,,,0.01,CHEMBL376,Rattus norvegicus,Rattus norvegicus,10116,,,Relative potency,,,,0.01
,,278685,[],CHEMBL767951,Inhibition of PG synthetase activity obtained from bovine seminal vesicles,B,,,BAO_0000190,BAO_0000224,protein format,CC(=O)Oc1ccccc1C(=O)O,Outside typical range,"Values for this activity type are unusually large/small, so may not be accurate",CHEMBL1122614,J Med Chem,1984,,CHEMBL25,ASPIRIN,CHEMBL25,,0,http://www.openphacts.org/units/Nanomolar,36871,=,1,1,=,,IC50,nM,,1500000.0,CHEMBL2096674,Bos taurus,Cyclooxygenase,9913,,,IC50,uM,UO_0000065,,1500.0
,,285781,[],CHEMBL702047,In vitro inhibition of arachidonic acid induced platelet aggregation of human platelet-rich plasma,F,,,BAO_0000190,BAO_0000218,organism-based format,CC(=O)Oc1ccccc1C(=O)O,Outside typical range,"Values for this activity type are unusually large/small, so may not be accurate",CHEMBL1123449,J Med Chem,1986,,CHEMBL25,ASPIRIN,CHEMBL25,,0,http://www.openphacts.org/units/Nanomolar,136719,=,1,1,=,,IC50,nM,,185000.0,CHEMBL372,Homo sapiens,Homo sapiens,9606,,,I50,uM,UO_0000065,,185.0
,,297357,[],CHEMBL631962,Aqueous solubility,P,,,BAO_0000179,BAO_0000100,small-molecule physicochemical format,CC(=O)Oc1ccccc1C(=O)O,,,CHEMBL1132890,Bioorg Med Chem Lett,2000,,CHEMBL25,ASPIRIN,CHEMBL25,,0,,17511,=,1,1,=,,Log S,,,-1.72,CHEMBL2362975,,No relevant target,,,,Log S,,,,-1.72
,,308369,[],CHEMBL699334,Inhibition of collagen induced platelet aggregation in platelet-rich human plasma (PRP),F,,,BAO_0000190,BAO_0000218,organism-based format,CC(=O)Oc1ccccc1C(=O)O,Outside typical range,"Values for this activity type are unusually large/small, so may not be accurate",CHEMBL1123971,J Med Chem,1988,,CHEMBL25,ASPIRIN,CHEMBL25,,0,http://www.openphacts.org/units/Nanomolar,94961,=,1,1,=,,IC50,nM,,70000000000.0,CHEMBL372,Homo sapiens,Homo sapiens,9606,,,IC50,M,UO_0000065,,70.0
,,308370,[],CHEMBL734113,Effective dose of the compound required to protect 50% tested mice against experimental antithrombosis,F,,,BAO_0000179,BAO_0000218,organism-based format,CC(=O)Oc1ccccc1C(=O)O,,,CHEMBL1123971,J Med Chem,1988,,CHEMBL25,ASPIRIN,CHEMBL25,,0,,94961,=,1,0,=,,ED30,uM kg-1,,166.66,CHEMBL375,Mus musculus,Mus musculus,10090,,,ED30,uM kg-1,,,166.66
,,308371,[],CHEMBL734113,Effective dose of the compound required to protect 50% tested mice against experimental antithrombosis,F,,,BAO_0000179,BAO_0000218,organism-based format,CC(=O)Oc1ccccc1C(=O)O,,,CHEMBL1123971,J Med Chem,1988,,CHEMBL25,ASPIRIN,CHEMBL25,,0,,94961,=,1,0,=,,ED30,mg kg-1,,30.0,CHEMBL375,Mus musculus,Mus musculus,10090,,,ED30,mg kg-1,UO_0000308,,30.0
,,337502,[],CHEMBL877804,Lethal dose in mouse was determined by administering perorally,T,,,BAO_0002117,BAO_0000218,organism-based format,CC(=O)Oc1ccccc1C(=O)O,,,CHEMBL1124348,J Med Chem,1989,,CHEMBL25,ASPIRIN,CHEMBL25,,0,,131321,>,1,1,>,,LD50,mg.kg-1,,1000.0,CHEMBL375,Mus musculus,Mus musculus,10090,,,LD50,mg kg-1,UO_0000308,,1000.0
,,337503,[],CHEMBL740447,divya_inp96 Lethal dose in mouse by administering compound intraperitoneally,T,,,BAO_0002117,BAO_0000218,organism-based format,CC(=O)Oc1ccccc1C(=O)O,Outside typical range,"Values for this activity type are unusually large/small, so may not be accurate",CHEMBL1124348,J Med Chem,1989,,CHEMBL25,ASPIRIN,CHEMBL25,,0,,131321,=,1,1,=,,LD50,mg.kg-1,,6495.0,CHEMBL375,Mus musculus,Mus musculus,10090,,,LD50,mg kg-1,UO_0000308,,6495.0
,,337504,[],CHEMBL740190,Antithrombotic activity in mouse when administered a dose of 20 mg/kg perorally,F,,,BAO_0000179,BAO_0000218,organism-based format,CC(=O)Oc1ccccc1C(=O)O,,,CHEMBL1124348,J Med Chem,1989,,CHEMBL25,ASPIRIN,CHEMBL25,,0,http://qudt.org/vocab/unit#Percent,131321,=,1,0,=,,Protection,%,,44.0,CHEMBL375,Mus musculus,Mus musculus,10090,,,Protection,%,UO_0000187,,44.0
,,337505,[],CHEMBL872780,In vitro reversible inhibitory activity of adenosine diphosphate (0.5 uM)-induced platelet aggregation in guinea pig platelet rich plasma,F,,,BAO_0000201,BAO_0000218,organism-based format,CC(=O)Oc1ccccc1C(=O)O,,,CHEMBL1124348,J Med Chem,1989,,CHEMBL25,ASPIRIN,CHEMBL25,,0,http://qudt.org/vocab/unit#Percent,131321,=,1,1,=,,Inhibition,%,,0.0,CHEMBL369,Cavia porcellus,Cavia porcellus,10141,,,Inhibition,%,UO_0000187,,0.0
,,337506,[],CHEMBL763786,In vitro irreversible inhibitory activity of adenosine diphosphate (0.5 uM)-induced platelet aggregation in guinea pig platelet rich plasma,F,,,BAO_0000201,BAO_0000218,organism-based format,CC(=O)Oc1ccccc1C(=O)O,,,CHEMBL1124348,J Med Chem,1989,,CHEMBL25,ASPIRIN,CHEMBL25,,0,http://qudt.org/vocab/unit#Percent,131321,=,1,1,=,,Inhibition,%,,100.0,CHEMBL369,Cavia porcellus,Cavia porcellus,10141,,,Inhibition,%,UO_0000187,,100.0
,,337507,[],CHEMBL763789,Inhibitory activity of thrombin (0.625 IU/mL)-induced platelet aggregation in guinea pig platelet rich plasma after 2 min,F,,,BAO_0000201,BAO_0000218,organism-based format,CC(=O)Oc1ccccc1C(=O)O,,,CHEMBL1124348,J Med Chem,1989,,CHEMBL25,ASPIRIN,CHEMBL25,,0,http://qudt.org/vocab/unit#Percent,131321,=,1,1,=,,Inhibition,%,,0.0,CHEMBL369,Cavia porcellus,Cavia porcellus,10141,,,Inhibition,%,UO_0000187,,0.0
,,337508,[],CHEMBL763785,In vitro inhibitory activity of thrombin (0.625 IU/mL)-induced platelet aggregation in guinea pig platelet rich plasma after 4 min,F,,,BAO_0000201,BAO_0000218,organism-based format,CC(=O)Oc1ccccc1C(=O)O,,,CHEMBL1124348,J Med Chem,1989,,CHEMBL25,ASPIRIN,CHEMBL25,,0,http://qudt.org/vocab/unit#Percent,131321,=,1,1,=,,Inhibition,%,,0.0,CHEMBL369,Cavia porcellus,Cavia porcellus,10141,,,Inhibition,%,UO_0000187,,0.0
,,337509,[],CHEMBL763784,In vitro inhibitory activity of collagen (0.8 ug/mL)-induced platelet aggregation in guinea pig platelet rich plasma at a dose of 0.8 ug/mL,F,,,BAO_0000201,BAO_0000218,organism-based format,CC(=O)Oc1ccccc1C(=O)O,,,CHEMBL1124348,J Med Chem,1989,,CHEMBL25,ASPIRIN,CHEMBL25,,0,http://qudt.org/vocab/unit#Percent,131321,=,1,1,=,,Inhibition,%,,75.0,CHEMBL369,Cavia porcellus,Cavia porcellus,10141,,,Inhibition,%,UO_0000187,,75.0
,,346256,[],CHEMBL699899,In vitro inhibition of human platelet aggregation induced by 10 uM ADP after incubation at 100 uM,F,,,BAO_0000201,BAO_0000218,organism-based format,CC(=O)Oc1ccccc1C(=O)O,,,CHEMBL1133676,J Med Chem,2000,,CHEMBL25,ASPIRIN,CHEMBL25,,0,http://qudt.org/vocab/unit#Percent,231328,=,1,1,=,,Inhibition,%,,31.2,CHEMBL372,Homo sapiens,Homo sapiens,9606,,,Inhibition,%,UO_0000187,,31.2
,,346257,[],CHEMBL699900,In vitro inhibition of human platelet aggregation induced by 10 uM ADP after incubation at 150 uM,F,,,BAO_0000201,BAO_0000218,organism-based format,CC(=O)Oc1ccccc1C(=O)O,,,CHEMBL1133676,J Med Chem,2000,,CHEMBL25,ASPIRIN,CHEMBL25,,0,http://qudt.org/vocab/unit#Percent,231328,=,1,1,=,,Inhibition,%,,37.1,CHEMBL372,Homo sapiens,Homo sapiens,9606,,,Inhibition,%,UO_0000187,,37.1
,,346258,[],CHEMBL699901,In vitro inhibition of human platelet aggregation induced by 10 uM ADP after incubation at 200 uM,F,,,BAO_0000201,BAO_0000218,organism-based format,CC(=O)Oc1ccccc1C(=O)O,,,CHEMBL1133676,J Med Chem,2000,,CHEMBL25,ASPIRIN,CHEMBL25,,0,http://qudt.org/vocab/unit#Percent,231328,=,1,1,=,,Inhibition,%,,48.5,CHEMBL372,Homo sapiens,Homo sapiens,9606,,,Inhibition,%,UO_0000187,,48.5
,,346259,[],CHEMBL699902,In vitro inhibition of human platelet aggregation induced by 10 uM ADP after incubation at 250 uM,F,,,BAO_0000201,BAO_0000218,organism-based format,CC(=O)Oc1ccccc1C(=O)O,,,CHEMBL1133676,J Med Chem,2000,,CHEMBL25,ASPIRIN,CHEMBL25,,0,http://qudt.org/vocab/unit#Percent,231328,=,1,1,=,,Inhibition,%,,56.4,CHEMBL372,Homo sapiens,Homo sapiens,9606,,,Inhibition,%,UO_0000187,,56.4
,,346260,[],CHEMBL842349,Effect on acute pulmonary thromboembolism in mice at 25 mg/kg expressed as no. of killed or paralyzed to no. of tested observed after 10 min,F,,,BAO_0000179,BAO_0000218,organism-based format,CC(=O)Oc1ccccc1C(=O)O,,,CHEMBL1133676,J Med Chem,2000,,CHEMBL25,ASPIRIN,CHEMBL25,,0,,231328,=,1,0,=,,No. of killed or paralyzed,,,28.0,CHEMBL375,Mus musculus,Mus musculus,10090,,,No. of killed or paralyzed,,,,28.0
,,346261,[],CHEMBL842582,Effect on acute pulmonary thromboembolism in mice at 25 mg/kg,F,,,BAO_0000179,BAO_0000218,organism-based format,CC(=O)Oc1ccccc1C(=O)O,,,CHEMBL1133676,J Med Chem,2000,,CHEMBL25,ASPIRIN,CHEMBL25,,0,http://qudt.org/vocab/unit#Percent,231328,=,1,0,=,,Protected,%,,45.0,CHEMBL375,Mus musculus,Mus musculus,10090,,,Protected,%,UO_0000187,,45.0
,,363803,[],CHEMBL761638,In vitro inhibition of collagen-induced platelet aggregation in human platelet-rich plasma (PRP),F,,,BAO_0000190,BAO_0000218,organism-based format,CC(=O)Oc1ccccc1C(=O)O,,,CHEMBL1122973,J Med Chem,1985,,CHEMBL25,ASPIRIN,CHEMBL25,,0,http://www.openphacts.org/units/MicrogramPerMilliliter,267950,=,1,1,=,,IC50,ug.mL-1,,10.0,CHEMBL372,Homo sapiens,Homo sapiens,9606,,,IC50,ug ml-1,UO_0000274,,10.0
,,363804,[],CHEMBL761642,Potency relative to flurbiprofen in inhibiting collagen-induced platelet aggregation in human platelet-rich plasma (PRP),F,,,BAO_0000179,BAO_0000218,organism-based format,CC(=O)Oc1ccccc1C(=O)O,,,CHEMBL1122973,J Med Chem,1985,,CHEMBL25,ASPIRIN,CHEMBL25,,0,,267950,=,1,0,=,,Relative potency,,,0.01,CHEMBL372,Homo sapiens,Homo sapiens,9606,,,Relative potency,,,,0.01
,,392578,[],CHEMBL768981,In vitro antiplatelet activity against arachidonic acid induced malondialdehyde production,F,,,BAO_0000190,BAO_0000218,organism-based format,CC(=O)Oc1ccccc1C(=O)O,,,CHEMBL1127637,J Med Chem,1994,,CHEMBL25,ASPIRIN,CHEMBL25,4.80,0,http://www.openphacts.org/units/Nanomolar,22653,=,1,1,=,,IC50,nM,,16000.0,CHEMBL374,Oryctolagus cuniculus,Oryctolagus cuniculus,9986,,,IC50,uM,UO_0000065,,16.0
,,392579,[],CHEMBL776420,In vitro vasodilatory activity in isolated rat aorta,F,,,BAO_0003036,BAO_0000218,organism-based format,CC(=O)Oc1ccccc1C(=O)O,,,CHEMBL1127637,J Med Chem,1994,,CHEMBL25,ASPIRIN,CHEMBL25,,0,http://www.openphacts.org/units/Micromolar,22653,>,1,0,>,,ED50,uM,,600.0,CHEMBL376,Rattus norvegicus,Rattus norvegicus,10116,,,ED50,uM,UO_0000064,,600.0
,,392580,[],CHEMBL680150,Inhibitory effect on platelet aggregation induced by Arachidonic acid (AA) in guinea pigs ex vivo at a dose of 3.2 mg/Kg after 1 hr of oral administration,F,,,BAO_0000179,BAO_0000218,organism-based format,CC(=O)Oc1ccccc1C(=O)O,,,CHEMBL1127637,J Med Chem,1994,,CHEMBL25,ASPIRIN,CHEMBL25,,0,,22653,=,1,1,=,,DOSE,mg.kg-1,,64.0,CHEMBL369,Cavia porcellus,Cavia porcellus,10141,,,Dose,mg kg-1,UO_0000308,,64.0
,,392581,[],CHEMBL680155,Inhibitory effect on platelet aggregation induced by Collagen in guinea pigs ex vivo at a dose of 3.2 mg/Kg after 1 hr of oral administration,F,,,BAO_0000179,BAO_0000218,organism-based format,CC(=O)Oc1ccccc1C(=O)O,,,CHEMBL1127637,J Med Chem,1994,,CHEMBL25,ASPIRIN,CHEMBL25,,0,,22653,=,1,1,=,,DOSE,mg.kg-1,,9.0,CHEMBL369,Cavia porcellus,Cavia porcellus,10141,,,Dose,mg kg-1,UO_0000308,,9.0
,,392582,[],CHEMBL804161,Induction of acute stomach lesion at a dose of 10 mg/Kg,F,,,BAO_0000179,BAO_0000218,organism-based format,CC(=O)Oc1ccccc1C(=O)O,,,CHEMBL1127637,J Med Chem,1994,,CHEMBL25,ASPIRIN,CHEMBL25,,0,,22653,=,1,0,=,,Ulcer index,,,0.6,CHEMBL376,Rattus norvegicus,Rattus norvegicus,10116,,,Ulcer index,,,,0.6
,,392583,[],CHEMBL804164,Induction of acute stomach lesion at a dose of 32 mg/Kg,F,,,BAO_0000179,BAO_0000218,organism-based format,CC(=O)Oc1ccccc1C(=O)O,,,CHEMBL1127637,J Med Chem,1994,,CHEMBL25,ASPIRIN,CHEMBL25,,0,,22653,=,1,0,=,,Ulcer index,,,2.0,CHEMBL376,Rattus norvegicus,Rattus norvegicus,10116,,,Ulcer index,,,,2.0
,,392584,[],CHEMBL804162,Induction of acute stomach lesion at a dose of 100 mg/Kg,F,,,BAO_0000179,BAO_0000218,organism-based format,CC(=O)Oc1ccccc1C(=O)O,,,CHEMBL1127637,J Med Chem,1994,,CHEMBL25,ASPIRIN,CHEMBL25,,0,,22653,=,1,0,=,,Ulcer index,,,2.2,CHEMBL376,Rattus norvegicus,Rattus norvegicus,10116,,,Ulcer index,,,,2.2
,,392585,[],CHEMBL804166,Induction of acute stomach lesion at a dose of 320 mg/Kg,F,,,BAO_0000179,BAO_0000218,organism-based format,CC(=O)Oc1ccccc1C(=O)O,,,CHEMBL1127637,J Med Chem,1994,,CHEMBL25,ASPIRIN,CHEMBL25,,0,,22653,=,1,0,=,,Ulcer index,,,3.8,CHEMBL376,Rattus norvegicus,Rattus norvegicus,10116,,,Ulcer index,,,,3.8
,,392586,[],CHEMBL791096,Induction of acute stomach lesion at a dose of 10 mg/Kg to determine the number of rats with ulceration; 1/5,F,,,BAO_0000193,BAO_0000218,organism-based format,CC(=O)Oc1ccccc1C(=O)O,,,CHEMBL1127637,J Med Chem,1994,,CHEMBL25,ASPIRIN,CHEMBL25,,0,,22653,=,1,0,=,,Ratio,,,,CHEMBL376,Rattus norvegicus,Rattus norvegicus,10116,,,Ratio,,,,
,,392587,[],CHEMBL878818,Induction of acute stomach lesion at a dose of 32 mg/Kg to determine the number of rats with ulceration; 3/5,F,,,BAO_0000193,BAO_0000218,organism-based format,CC(=O)Oc1ccccc1C(=O)O,,,CHEMBL1127637,J Med Chem,1994,,CHEMBL25,ASPIRIN,CHEMBL25,,0,,22653,=,1,0,=,,Ratio,,,,CHEMBL376,Rattus norvegicus,Rattus norvegicus,10116,,,Ratio,,,,
,,392588,[],CHEMBL791097,Induction of acute stomach lesion at a dose of 100 mg/Kg to determine the number of rats with ulceration; 4/5,F,,,BAO_0000193,BAO_0000218,organism-based format,CC(=O)Oc1ccccc1C(=O)O,,,CHEMBL1127637,J Med Chem,1994,,CHEMBL25,ASPIRIN,CHEMBL25,,0,,22653,=,1,0,=,,Ratio,,,,CHEMBL376,Rattus norvegicus,Rattus norvegicus,10116,,,Ratio,,,,
,,392589,[],CHEMBL791098,Induction of acute stomach lesion at a dose of 320 mg/Kg to determine the number of rats with ulceration; 5/5,F,,,BAO_0000193,BAO_0000218,organism-based format,CC(=O)Oc1ccccc1C(=O)O,,,CHEMBL1127637,J Med Chem,1994,,CHEMBL25,ASPIRIN,CHEMBL25,,0,,22653,=,1,0,=,,Ratio,,,,CHEMBL376,Rattus norvegicus,Rattus norvegicus,10116,,,Ratio,,,,
,,392590,[],CHEMBL783761,Compound was evaluated for collagen-induced platelet aggregation in rat ex vivo at the dose of 32 mg/Kg,F,,,BAO_0003036,BAO_0000218,organism-based format,CC(=O)Oc1ccccc1C(=O)O,,,CHEMBL1127637,J Med Chem,1994,,CHEMBL25,ASPIRIN,CHEMBL25,,0,,22653,=,1,1,=,,ED50,mg.kg-1,,8.4,CHEMBL376,Rattus norvegicus,Rattus norvegicus,10116,,,ED50,mg kg-1,UO_0000308,,8.4
,,399466,[],CHEMBL787541,Compound was evaluated for its antiinflammatory activity in the cotton pellet induced granuloma(CPG) in normal rats at the dose 50 mg/kg p.o.,F,,,BAO_0000201,BAO_0000218,organism-based format,CC(=O)Oc1ccccc1C(=O)O,,,CHEMBL1122649,J Med Chem,1984,,CHEMBL25,ASPIRIN,CHEMBL25,,0,http://qudt.org/vocab/unit#Percent,306550,=,1,1,=,,Inhibition,%,,24.0,CHEMBL376,Rattus norvegicus,Rattus norvegicus,10116,,,Inhibition,%,UO_0000187,,24.0
,,399467,[],CHEMBL774773,Compound was evaluated for its analgesic activity by Randall-Selitto test in comparison with that of Aspirine,F,,,BAO_0000375,BAO_0000218,organism-based format,CC(=O)Oc1ccccc1C(=O)O,,,CHEMBL1122649,J Med Chem,1984,,CHEMBL25,ASPIRIN,CHEMBL25,,0,,306550,=,1,0,=,,Activity,,,1.0,CHEMBL376,Rattus norvegicus,Rattus norvegicus,10116,,,Activity,,,,1.0
,,399468,[],CHEMBL774774,Compound was evaluated for its antipyretic activity by antipyresis effect in comparison with that of Aspirin.,F,,,BAO_0000375,BAO_0000218,organism-based format,CC(=O)Oc1ccccc1C(=O)O,,,CHEMBL1122649,J Med Chem,1984,,CHEMBL25,ASPIRIN,CHEMBL25,,0,,306550,=,1,0,=,,Activity,,,1.0,CHEMBL376,Rattus norvegicus,Rattus norvegicus,10116,,,Activity,,,,1.0
,,399469,[],CHEMBL804169,"Compound was evaluated for its gastroulcerogenic effect in rats at a peroral dose of 200 mg/kg, P<0.05.",F,,,BAO_0000179,BAO_0000218,organism-based format,CC(=O)Oc1ccccc1C(=O)O,,,CHEMBL1122649,J Med Chem,1984,,CHEMBL25,ASPIRIN,CHEMBL25,,0,,306550,=,1,0,=,,Ulcerogenic index,,,1.6,CHEMBL376,Rattus norvegicus,Rattus norvegicus,10116,,,Ulcerogenic index,,,,1.6
,,428894,[],CHEMBL699491,In vitro inhibition of collagen-induced platelet aggregation in human platelet rich plasma,F,,,BAO_0000190,BAO_0000218,organism-based format,CC(=O)Oc1ccccc1C(=O)O,,,CHEMBL1121768,J Med Chem,1981,,CHEMBL25,ASPIRIN,CHEMBL25,,0,http://www.openphacts.org/units/MicrogramPerMilliliter,58380,=,1,1,=,,IC50,ug.mL-1,,10.0,CHEMBL372,Homo sapiens,Homo sapiens,9606,,,IC50,ug ml-1,UO_0000274,,10.0
,,513632,[],CHEMBL761741,In vitro inhibitory activity on platelet aggregation induced by arachidonic acid (AA),F,,,BAO_0000190,BAO_0000218,organism-based format,CC(=O)Oc1ccccc1C(=O)O,,,CHEMBL1134765,Bioorg Med Chem Lett,2001,,CHEMBL25,ASPIRIN,CHEMBL25,4.70,0,http://www.openphacts.org/units/Nanomolar,176504,=,1,1,=,,IC50,nM,,20000.0,CHEMBL372,Homo sapiens,Homo sapiens,9606,,,IC50,uM,UO_0000065,,20.0
,,515157,[],CHEMBL696981,In vitro inhibition of thrombin-induced platelet aggregation.,F,,,BAO_0000190,BAO_0000019,assay format,CC(=O)Oc1ccccc1C(=O)O,,,CHEMBL1128342,J Med Chem,1995,,CHEMBL25,ASPIRIN,CHEMBL25,,0,http://www.openphacts.org/units/Nanomolar,252486,>,1,1,>,,IC50,nM,,100000.0,CHEMBL612545,,Unchecked,,,,IC50,uM,UO_0000065,,100.0
,,515158,[],CHEMBL696980,Inhibition of collagen-induced platelet aggregation,F,,,BAO_0000190,BAO_0000019,assay format,CC(=O)Oc1ccccc1C(=O)O,,,CHEMBL1128342,J Med Chem,1995,,CHEMBL25,ASPIRIN,CHEMBL25,,0,http://www.openphacts.org/units/Nanomolar,252486,>,1,1,>,,IC50,nM,,100000.0,CHEMBL2093869,Homo sapiens,Integrin alpha-IIb/beta-3,9606,,,IC50,uM,UO_0000065,,100.0
,,515159,[],CHEMBL696979,Inhibition of arachidonic acid-induced platelet aggregation,F,,,BAO_0000190,BAO_0000019,assay format,CC(=O)Oc1ccccc1C(=O)O,,,CHEMBL1128342,J Med Chem,1995,,CHEMBL25,ASPIRIN,CHEMBL25,5.30,0,http://www.openphacts.org/units/Nanomolar,252486,=,1,1,=,,IC50,nM,,5000.0,CHEMBL2093869,Homo sapiens,Integrin alpha-IIb/beta-3,9606,,,IC50,uM,UO_0000065,,5.0
,,558549,[],CHEMBL721200,In vivo antithrombotic activity in Swiss mice was determined when the compound was administered at 30 umol/kg orally 1 hour prior to challenge,F,,,BAO_0000179,BAO_0000218,organism-based format,CC(=O)Oc1ccccc1C(=O)O,,,CHEMBL1135176,Bioorg Med Chem Lett,2002,,CHEMBL25,ASPIRIN,CHEMBL25,,0,http://qudt.org/vocab/unit#Percent,96697,=,1,0,=,,Protection,%,,40.0,CHEMBL375,Mus musculus,Mus musculus,10090,,,Protection,%,UO_0000187,,40.0
,,558550,[],CHEMBL721473,In vivo increase in the bleeding time was determined when administered at 30 umol/kg orally 1 hour prior to challenge,F,,,BAO_0000179,BAO_0000218,organism-based format,CC(=O)Oc1ccccc1C(=O)O,,,CHEMBL1135176,Bioorg Med Chem Lett,2002,,CHEMBL25,ASPIRIN,CHEMBL25,,0,http://qudt.org/vocab/unit#Percent,96697,=,1,0,=,,Increase,%,,110.0,CHEMBL375,Mus musculus,Mus musculus,10090,,,Increase,%,UO_0000187,,110.0
,,579271,[],CHEMBL779638,In vivo effective dose required for antiinflammatory activity in rat adjuvant arthritis model,F,,,BAO_0003036,BAO_0000218,organism-based format,CC(=O)Oc1ccccc1C(=O)O,,,CHEMBL1128445,J Med Chem,1995,,CHEMBL25,ASPIRIN,CHEMBL25,,0,http://www.openphacts.org/units/Micromolar,242897,=,1,0,=,,ED50,uM,,1942.7,CHEMBL376,Rattus norvegicus,Rattus norvegicus,10116,,,ED50,uM,UO_0000064,,1942.7
,,579272,[],CHEMBL764147,Tested for inhibitory activity against Prostaglandin G/H synthase 1 from ovine,B,,,BAO_0000190,BAO_0000357,single protein format,CC(=O)Oc1ccccc1C(=O)O,Outside typical range,"Values for this activity type are unusually large/small, so may not be accurate",CHEMBL1128445,J Med Chem,1995,,CHEMBL25,ASPIRIN,CHEMBL25,,0,http://www.openphacts.org/units/Nanomolar,242897,=,1,1,=,,IC50,nM,,1280000.0,CHEMBL2949,Ovis aries,Cyclooxygenase-1,9940,,,IC50,uM,UO_0000065,,1280.0
,,579273,[],CHEMBL769654,Tested for inhibitory activity against Prostaglandin G/H synthase 2 from human,B,,,BAO_0000190,BAO_0000357,single protein format,CC(=O)Oc1ccccc1C(=O)O,Outside typical range,"Values for this activity type are unusually large/small, so may not be accurate",CHEMBL1128445,J Med Chem,1995,,CHEMBL25,ASPIRIN,CHEMBL25,,0,http://www.openphacts.org/units/Nanomolar,242897,=,1,1,=,,IC50,nM,,18000000.0,CHEMBL230,Homo sapiens,Cyclooxygenase-2,9606,,,IC50,uM,UO_0000065,,18000.0
,,579274,[],CHEMBL849098,IC50 ratio measured as the IC50 values of COX-1 to that of COX-2.,B,,,BAO_0000193,BAO_0000224,protein format,CC(=O)Oc1ccccc1C(=O)O,,,CHEMBL1128445,J Med Chem,1995,,CHEMBL25,ASPIRIN,CHEMBL25,,0,,242897,=,1,0,=,,Ratio,,,0.1,CHEMBL2094253,Homo sapiens,Cyclooxygenase,9606,,,Ratio,,,,0.1
,,597862,[],CHEMBL760548,In vitro antiplatelet activity against guinea pig platelet rich plasma aggregated by collagen,F,,,BAO_0000190,BAO_0000218,organism-based format,CC(=O)Oc1ccccc1C(=O)O,,,CHEMBL1134079,Bioorg Med Chem Lett,2001,,CHEMBL25,ASPIRIN,CHEMBL25,4.32,0,http://www.openphacts.org/units/Nanomolar,45619,=,1,1,=,,IC50,nM,,48000.0,CHEMBL369,Cavia porcellus,Cavia porcellus,10141,,,IC50,uM,UO_0000065,,48.0
,Not Determined,597863,[],CHEMBL760547,In vitro antiplatelet activity against guinea pig platelet rich plasma aggregated by ADP; Not calculable because maximum inhibition of aggregation is lower than 50%,F,,,BAO_0000190,BAO_0000218,organism-based format,CC(=O)Oc1ccccc1C(=O)O,,,CHEMBL1134079,Bioorg Med Chem Lett,2001,,CHEMBL25,ASPIRIN,CHEMBL25,,0,http://www.openphacts.org/units/Nanomolar,45619,,1,0,,,IC50,nM,,,CHEMBL369,Cavia porcellus,Cavia porcellus,10141,,,IC50,uM,UO_0000065,,
,,597864,[],CHEMBL760545,Evaluated for in vitro antiplatelet activity against guinea pig platelet rich plasma aggregated by arachidonic acid (AA),F,,,BAO_0000190,BAO_0000218,organism-based format,CC(=O)Oc1ccccc1C(=O)O,,,CHEMBL1134079,Bioorg Med Chem Lett,2001,,CHEMBL25,ASPIRIN,CHEMBL25,4.21,0,http://www.openphacts.org/units/Nanomolar,45619,=,1,1,=,,IC50,nM,,61000.0,CHEMBL369,Cavia porcellus,Cavia porcellus,10141,,,IC50,uM,UO_0000065,,61.0
,,613450,[],CHEMBL718282,Antianalgesic activity by phenylquinone writhing method in mice after peroral administration,F,,,BAO_0003036,BAO_0000218,organism-based format,CC(=O)Oc1ccccc1C(=O)O,,,CHEMBL1122640,J Med Chem,1984,,CHEMBL25,ASPIRIN,CHEMBL25,,0,,295647,>,1,1,>,,ED50,mg.kg-1,,100.0,CHEMBL613490,Mus sp.,Mus sp.,10095,,,ED50,mg kg-1,UO_0000308,,100.0
,,613451,[],CHEMBL786415,Compound was tested for antiinflammatory activity and the % inhibition was reported 3 hr after carrageenan injection in the hind paw edema test in rats: dose=80 mg/kg,F,,,BAO_0000201,BAO_0000218,organism-based format,CC(=O)Oc1ccccc1C(=O)O,,,CHEMBL1122640,J Med Chem,1984,,CHEMBL25,ASPIRIN,CHEMBL25,,0,http://qudt.org/vocab/unit#Percent,295647,=,1,1,=,,Inhibition,%,,25.8,CHEMBL376,Rattus norvegicus,Rattus norvegicus,10116,,,Inhibition,%,UO_0000187,,25.8
,,619257,[],CHEMBL767916,Maximum rate of PAF induced platelet aggregation was determined in rabbit blood at a dose of 10-7 mol/L (in vitro),F,,,BAO_0000179,BAO_0000218,organism-based format,CC(=O)Oc1ccccc1C(=O)O,,,CHEMBL1136439,Bioorg Med Chem Lett,2003,,CHEMBL25,ASPIRIN,CHEMBL25,,0,http://qudt.org/vocab/unit#Percent,251140,=,1,0,=,,Am,%,,53.42,CHEMBL374,Oryctolagus cuniculus,Oryctolagus cuniculus,9986,,,Am,%,UO_0000187,,53.42
,,619258,[],CHEMBL767915,Maximum rate of PAF induced platelet aggregation was determined in rabbit blood at a dose of 10-6 mol/L (in vitro),F,,,BAO_0000179,BAO_0000218,organism-based format,CC(=O)Oc1ccccc1C(=O)O,,,CHEMBL1136439,Bioorg Med Chem Lett,2003,,CHEMBL25,ASPIRIN,CHEMBL25,,0,http://qudt.org/vocab/unit#Percent,251140,=,1,0,=,,Am,%,,36.98,CHEMBL374,Oryctolagus cuniculus,Oryctolagus cuniculus,9986,,,Am,%,UO_0000187,,36.98
,,619259,[],CHEMBL767914,Maximum rate of PAF induced platelet aggregation was determined in rabbit blood at a dose of 10-5 mol/L (in vitro),F,,,BAO_0000179,BAO_0000218,organism-based format,CC(=O)Oc1ccccc1C(=O)O,,,CHEMBL1136439,Bioorg Med Chem Lett,2003,,CHEMBL25,ASPIRIN,CHEMBL25,,0,http://qudt.org/vocab/unit#Percent,251140,=,1,0,=,,Am,%,,29.99,CHEMBL374,Oryctolagus cuniculus,Oryctolagus cuniculus,9986,,,Am,%,UO_0000187,,29.99
,,619260,[],CHEMBL767913,Maximum rate of ADP induced platelet aggregation was determined in rabbit blood at a dose of 10-7 mol/L (in vitro),F,,,BAO_0000179,BAO_0000218,organism-based format,CC(=O)Oc1ccccc1C(=O)O,,,CHEMBL1136439,Bioorg Med Chem Lett,2003,,CHEMBL25,ASPIRIN,CHEMBL25,,0,http://qudt.org/vocab/unit#Percent,251140,=,1,0,=,,Am,%,,54.89,CHEMBL374,Oryctolagus cuniculus,Oryctolagus cuniculus,9986,,,Am,%,UO_0000187,,54.89
,,619261,[],CHEMBL767912,Maximum rate of ADP induced platelet aggregation was determined in rabbit blood at a dose of 10-6 mol/L (in vitro),F,,,BAO_0000179,BAO_0000218,organism-based format,CC(=O)Oc1ccccc1C(=O)O,,,CHEMBL1136439,Bioorg Med Chem Lett,2003,,CHEMBL25,ASPIRIN,CHEMBL25,,0,http://qudt.org/vocab/unit#Percent,251140,=,1,0,=,,Am,%,,42.58,CHEMBL374,Oryctolagus cuniculus,Oryctolagus cuniculus,9986,,,Am,%,UO_0000187,,42.58
,,619262,[],CHEMBL767911,Maximum rate of ADP induced platelet aggregation was determined in rabbit blood at a dose of 10-5 mol/L (in vitro),F,,,BAO_0000179,BAO_0000218,organism-based format,CC(=O)Oc1ccccc1C(=O)O,,,CHEMBL1136439,Bioorg Med Chem Lett,2003,,CHEMBL25,ASPIRIN,CHEMBL25,,0,http://qudt.org/vocab/unit#Percent,251140,=,1,0,=,,Am,%,,30.01,CHEMBL374,Oryctolagus cuniculus,Oryctolagus cuniculus,9986,,,Am,%,UO_0000187,,30.01
,,619263,[],CHEMBL775277,Effect on the wet thrombus weight in male wistar rat was determined(in vivo),F,,,BAO_0000375,BAO_0000218,organism-based format,CC(=O)Oc1ccccc1C(=O)O,,,CHEMBL1136439,Bioorg Med Chem Lett,2003,,CHEMBL25,ASPIRIN,CHEMBL25,,0,,251140,=,1,0,=,,Activity,,,28.11,CHEMBL376,Rattus norvegicus,Rattus norvegicus,10116,,,Activity,,,,28.11
,,619264,[],CHEMBL774676,Effect on the dry thrombus weight in male wistar rat was determined(in vivo),F,,,BAO_0000375,BAO_0000218,organism-based format,CC(=O)Oc1ccccc1C(=O)O,,,CHEMBL1136439,Bioorg Med Chem Lett,2003,,CHEMBL25,ASPIRIN,CHEMBL25,,0,,251140,=,1,0,=,,Activity,,,3.99,CHEMBL376,Rattus norvegicus,Rattus norvegicus,10116,,,Activity,,,,3.99
,,625655,[],CHEMBL879115,Antinociceptive potency against phenylquinone (PBQ)-induced writhing in mice (8 mice/dose),F,,,BAO_0003036,BAO_0000218,organism-based format,CC(=O)Oc1ccccc1C(=O)O,,,CHEMBL1128726,J Med Chem,1995,,CHEMBL25,ASPIRIN,CHEMBL25,,0,,32799,=,1,1,=,,ED50,mg.kg-1,,63.0,CHEMBL375,Mus musculus,Mus musculus,10090,,,ED50,mg kg-1,UO_0000308,,63.0
,,625656,[],CHEMBL784656,Antinociceptive potency against acetic acid -induced writhing in rat (8 rats/dose),F,,,BAO_0003036,BAO_0000218,organism-based format,CC(=O)Oc1ccccc1C(=O)O,,,CHEMBL1128726,J Med Chem,1995,,CHEMBL25,ASPIRIN,CHEMBL25,,0,,32799,=,1,1,=,,ED50,mg.kg-1,,32.0,CHEMBL376,Rattus norvegicus,Rattus norvegicus,10116,,,ED50,mg kg-1,UO_0000308,,32.0
,,625657,[],CHEMBL785132,"% inhibition of acetic acid-induced writhing in rat at 30 mg/kg peroral dose, 15 min postdose(5 rats per compound at each time)",F,,,BAO_0000201,BAO_0000218,organism-based format,CC(=O)Oc1ccccc1C(=O)O,,,CHEMBL1128726,J Med Chem,1995,,CHEMBL25,ASPIRIN,CHEMBL25,,0,http://qudt.org/vocab/unit#Percent,32799,=,1,1,=,,Inhibition,%,,53.0,CHEMBL376,Rattus norvegicus,Rattus norvegicus,10116,,,Inhibition,%,UO_0000187,,53.0
,,625658,[],CHEMBL785134,"% inhibition of acetic acid-induced writhing in rat at 30 mg/kg peroral dose, 30 min postdose(5 rats per compound at each time)",F,,,BAO_0000201,BAO_0000218,organism-based format,CC(=O)Oc1ccccc1C(=O)O,,,CHEMBL1128726,J Med Chem,1995,,CHEMBL25,ASPIRIN,CHEMBL25,,0,http://qudt.org/vocab/unit#Percent,32799,=,1,1,=,,Inhibition,%,,37.0,CHEMBL376,Rattus norvegicus,Rattus norvegicus,10116,,,Inhibition,%,UO_0000187,,37.0
,,625659,[],CHEMBL784466,"% inhibition of acetic acid-induced writhing in rat at 30 mg/kg peroral dose, 60 min postdose(5 rats per compound at each time)",F,,,BAO_0000201,BAO_0000218,organism-based format,CC(=O)Oc1ccccc1C(=O)O,,,CHEMBL1128726,J Med Chem,1995,,CHEMBL25,ASPIRIN,CHEMBL25,,0,http://qudt.org/vocab/unit#Percent,32799,=,1,1,=,,Inhibition,%,,60.0,CHEMBL376,Rattus norvegicus,Rattus norvegicus,10116,,,Inhibition,%,UO_0000187,,60.0
,,625660,[],CHEMBL872540,"% inhibition of acetic acid-induced writhing in rat at 30 mg/kg peroral dose, 120 min postdose(5 rats per compound at each time)",F,,,BAO_0000201,BAO_0000218,organism-based format,CC(=O)Oc1ccccc1C(=O)O,,,CHEMBL1128726,J Med Chem,1995,,CHEMBL25,ASPIRIN,CHEMBL25,,0,http://qudt.org/vocab/unit#Percent,32799,=,1,1,=,,Inhibition,%,,26.0,CHEMBL376,Rattus norvegicus,Rattus norvegicus,10116,,,Inhibition,%,UO_0000187,,26.0
,,625661,[],CHEMBL785133,"% inhibition of acetic acid-induced writhing in rat at 30 mg/kg peroral dose, 180 min postdose(5 rats per compound at each time)",F,,,BAO_0000201,BAO_0000218,organism-based format,CC(=O)Oc1ccccc1C(=O)O,,,CHEMBL1128726,J Med Chem,1995,,CHEMBL25,ASPIRIN,CHEMBL25,,0,http://qudt.org/vocab/unit#Percent,32799,=,1,1,=,,Inhibition,%,,18.0,CHEMBL376,Rattus norvegicus,Rattus norvegicus,10116,,,Inhibition,%,UO_0000187,,18.0
,,625662,[],CHEMBL784465,"% inhibition of acetic acid-induced writhing in rat at 30 mg/kg peroral dose, 360 min postdose(5 rats per compound at each time)",F,,,BAO_0000201,BAO_0000218,organism-based format,CC(=O)Oc1ccccc1C(=O)O,,,CHEMBL1128726,J Med Chem,1995,,CHEMBL25,ASPIRIN,CHEMBL25,,0,http://qudt.org/vocab/unit#Percent,32799,=,1,1,=,,Inhibition,%,,0.0,CHEMBL376,Rattus norvegicus,Rattus norvegicus,10116,,,Inhibition,%,UO_0000187,,0.0
,,634989,[],CHEMBL700472,Inhibition of adenosine diphosphate (ADP) induced human platelet aggregation,F,,,BAO_0000190,BAO_0000218,organism-based format,CC(=O)Oc1ccccc1C(=O)O,,,CHEMBL1124160,J Med Chem,1988,,CHEMBL25,ASPIRIN,CHEMBL25,4.23,0,http://www.openphacts.org/units/Nanomolar,50799,=,1,1,=,,IC50,nM,,59000.0,CHEMBL372,Homo sapiens,Homo sapiens,9606,,,IC50,uM,UO_0000065,,59.0
,,634990,[],CHEMBL700475,Inhibition of arachidonic acid (AA) induced human platelet aggregation,F,,,BAO_0000190,BAO_0000218,organism-based format,CC(=O)Oc1ccccc1C(=O)O,,,CHEMBL1124160,J Med Chem,1988,,CHEMBL25,ASPIRIN,CHEMBL25,4.05,0,http://www.openphacts.org/units/Nanomolar,50799,=,1,1,=,,IC50,nM,,89000.0,CHEMBL372,Homo sapiens,Homo sapiens,9606,,,IC50,uM,UO_0000065,,89.0
